<?xml version="1.0" encoding="UTF-8"?>
<GenRun Id="impl_1" LaunchPart="xc7z020clg400-1" LaunchTime="1729915257">
  <File Type="ROUTE-PWR" Name="clocked_i2s_wrapper_power_routed.rpt"/>
  <File Type="PA-TCL" Name="clocked_i2s_wrapper.tcl"/>
  <File Type="ROUTE-PWR-SUM" Name="clocked_i2s_wrapper_power_summary_routed.pb"/>
  <File Type="REPORTS-TCL" Name="clocked_i2s_wrapper_reports.tcl"/>
  <File Type="BITSTR-MSK" Name="clocked_i2s_wrapper.msk"/>
  <File Type="ROUTE-CLK" Name="clocked_i2s_wrapper_clock_utilization_routed.rpt"/>
  <File Type="RDI-RDI" Name="clocked_i2s_wrapper.vdi"/>
  <File Type="POSTROUTE-PHYSOPT-BUS-SKEW-PB" Name="clocked_i2s_wrapper_bus_skew_postroute_physopted.pb"/>
  <File Type="BG-BIT" Name="clocked_i2s_wrapper.bit"/>
  <File Type="BG-DRC" Name="clocked_i2s_wrapper.drc"/>
  <File Type="BG-BGN" Name="clocked_i2s_wrapper.bgn"/>
  <File Type="BG-BIN" Name="clocked_i2s_wrapper.bin"/>
  <File Type="BITSTR-RBT" Name="clocked_i2s_wrapper.rbt"/>
  <File Type="BITSTR-NKY" Name="clocked_i2s_wrapper.nky"/>
  <File Type="BITSTR-BMM" Name="clocked_i2s_wrapper_bd.bmm"/>
  <File Type="BITSTR-MMI" Name="clocked_i2s_wrapper.mmi"/>
  <File Type="ROUTE-METHODOLOGY-DRC" Name="clocked_i2s_wrapper_methodology_drc_routed.rpt"/>
  <File Type="BITSTR-SYSDEF" Name="clocked_i2s_wrapper.sysdef"/>
  <File Type="BITSTR-LTX" Name="debug_nets.ltx"/>
  <File Type="BITSTR-LTX" Name="clocked_i2s_wrapper.ltx"/>
  <File Type="WBT-USG" Name="usage_statistics_webtalk.html"/>
  <File Type="OPT-DRC" Name="clocked_i2s_wrapper_drc_opted.rpt"/>
  <File Type="OPT-HWDEF" Name="clocked_i2s_wrapper.hwdef"/>
  <File Type="PLACE-IO" Name="clocked_i2s_wrapper_io_placed.rpt"/>
  <File Type="PLACE-UTIL" Name="clocked_i2s_wrapper_utilization_placed.rpt"/>
  <File Type="PLACE-UTIL-PB" Name="clocked_i2s_wrapper_utilization_placed.pb"/>
  <File Type="PLACE-CTRL" Name="clocked_i2s_wrapper_control_sets_placed.rpt"/>
  <File Type="PLACE-PRE-SIMILARITY" Name="clocked_i2s_wrapper_incremental_reuse_pre_placed.rpt"/>
  <File Type="ROUTE-DRC" Name="clocked_i2s_wrapper_drc_routed.rpt"/>
  <File Type="ROUTE-DRC-PB" Name="clocked_i2s_wrapper_drc_routed.pb"/>
  <File Type="ROUTE-PWR-RPX" Name="clocked_i2s_wrapper_power_routed.rpx"/>
  <File Type="ROUTE-STATUS" Name="clocked_i2s_wrapper_route_status.rpt"/>
  <File Type="ROUTE-STATUS-PB" Name="clocked_i2s_wrapper_route_status.pb"/>
  <File Type="ROUTE-DCP" Name="clocked_i2s_wrapper_routed.dcp"/>
  <File Type="ROUTE-ERROR-DCP" Name="clocked_i2s_wrapper_routed_error.dcp"/>
  <File Type="ROUTE-BLACKBOX-DCP" Name="clocked_i2s_wrapper_routed_bb.dcp"/>
  <File Type="ROUTE-TIMINGSUMMARY" Name="clocked_i2s_wrapper_timing_summary_routed.rpt"/>
  <File Type="ROUTE-TIMING-PB" Name="clocked_i2s_wrapper_timing_summary_routed.pb"/>
  <File Type="ROUTE-TIMING-RPX" Name="clocked_i2s_wrapper_timing_summary_routed.rpx"/>
  <File Type="ROUTE-BUS-SKEW" Name="clocked_i2s_wrapper_bus_skew_routed.rpt"/>
  <File Type="ROUTE-BUS-SKEW-PB" Name="clocked_i2s_wrapper_bus_skew_routed.pb"/>
  <File Type="ROUTE-BUS-SKEW-RPX" Name="clocked_i2s_wrapper_bus_skew_routed.rpx"/>
  <File Type="OPT-DCP" Name="clocked_i2s_wrapper_opt.dcp"/>
  <File Type="PLACE-DCP" Name="clocked_i2s_wrapper_placed.dcp"/>
  <File Type="PWROPT-DCP" Name="clocked_i2s_wrapper_pwropt.dcp"/>
  <File Type="POSTPLACE-PWROPT-DCP" Name="clocked_i2s_wrapper_postplace_pwropt.dcp"/>
  <File Type="PHYSOPT-DCP" Name="clocked_i2s_wrapper_physopt.dcp"/>
  <File Type="POSTROUTE-PHYSOPT-DCP" Name="clocked_i2s_wrapper_postroute_physopt.dcp"/>
  <File Type="POSTROUTE-PHYSOPT-BLACKBOX-DCP" Name="clocked_i2s_wrapper_postroute_physopt_bb.dcp"/>
  <File Type="POSTROUTE-PHYSOPT-TIMING" Name="clocked_i2s_wrapper_timing_summary_postroute_physopted.rpt"/>
  <File Type="POSTROUTE-PHYSOPT-TIMING-PB" Name="clocked_i2s_wrapper_timing_summary_postroute_physopted.pb"/>
  <File Type="POSTROUTE-PHYSOPT-TIMING-RPX" Name="clocked_i2s_wrapper_timing_summary_postroute_physopted.rpx"/>
  <File Type="POSTROUTE-PHYSOPT-BUS-SKEW" Name="clocked_i2s_wrapper_bus_skew_postroute_physopted.rpt"/>
  <File Type="POSTROUTE-PHYSOPT-BUS-SKEW-RPX" Name="clocked_i2s_wrapper_bus_skew_postroute_physopted.rpx"/>
  <File Type="ROUTE-METHODOLOGY-DRC-PB" Name="clocked_i2s_wrapper_methodology_drc_routed.pb"/>
  <File Type="ROUTE-DRC-RPX" Name="clocked_i2s_wrapper_drc_routed.rpx"/>
  <File Type="ROUTE-METHODOLOGY-DRC-RPX" Name="clocked_i2s_wrapper_methodology_drc_routed.rpx"/>
  <File Type="PDI-FILE" Name="clocked_i2s_wrapper.pdi"/>
  <File Type="RCFI_FILE" Name="clocked_i2s_wrapper.rcfi"/>
  <File Type="CFI_FILE" Name="clocked_i2s_wrapper.cfi"/>
  <File Type="RNPI_FILE" Name="clocked_i2s_wrapper.rnpi"/>
  <File Type="NPI_FILE" Name="clocked_i2s_wrapper.npi"/>
  <File Type="RBD_FILE" Name="clocked_i2s_wrapper.rbd"/>
  <FileSet Name="sources" Type="DesignSrcs" RelSrcDir="$PSRCDIR/sources_1" RelGenDir="$PSRCDIR/sources_1">
    <Filter Type="Srcs"/>
    <File Path="$PSRCDIR/sources_1/imports/experiment_i2s_output/experiment_i2s_output.srcs/sources_1/imports/new/clock_generation.vhd">
      <FileInfo>
        <Attr Name="ImportPath" Val="$PPRDIR/../../../../../../../../Documents/Vivado_Projects/i2x_transmitter/i2x_transmitter.srcs/sources_1/new/clock_generation.vhd"/>
        <Attr Name="ImportTime" Val="1729045953"/>
        <Attr Name="UsedIn" Val="synthesis"/>
        <Attr Name="UsedIn" Val="simulation"/>
      </FileInfo>
    </File>
    <File Path="$PSRCDIR/sources_1/imports/experiment_i2s_output/experiment_i2s_output.srcs/sources_1/imports/new/N_D_FIFO.vhd">
      <FileInfo>
        <Attr Name="ImportPath" Val="$PPRDIR/../../../../../../../../Documents/Vivado_Projects/i2x_transmitter/i2x_transmitter.srcs/sources_1/new/N_D_FIFO.vhd"/>
        <Attr Name="ImportTime" Val="1728982409"/>
        <Attr Name="UsedIn" Val="synthesis"/>
        <Attr Name="UsedIn" Val="simulation"/>
      </FileInfo>
    </File>
    <File Path="$PSRCDIR/sources_1/imports/experiment_i2s_output/experiment_i2s_output.srcs/sources_1/imports/new/i2s_module.vhd">
      <FileInfo>
        <Attr Name="ImportPath" Val="$PPRDIR/../../../../../../../../Documents/Vivado_Projects/i2x_transmitter/i2x_transmitter.srcs/sources_1/new/i2s_module.vhd"/>
        <Attr Name="ImportTime" Val="1729046017"/>
        <Attr Name="UsedIn" Val="synthesis"/>
        <Attr Name="UsedIn" Val="simulation"/>
      </FileInfo>
    </File>
    <File Path="$PSRCDIR/sources_1/imports/experiment_i2s_output/experiment_i2s_output.srcs/sources_1/new/stream_controller.vhd">
      <FileInfo>
        <Attr Name="ImportPath" Val="$PPRDIR/../../../../../../../../Documents/Vivado_Projects/experiment_i2s_output/experiment_i2s_output.srcs/sources_1/new/stream_controller.vhd"/>
        <Attr Name="ImportTime" Val="1729083438"/>
        <Attr Name="UsedIn" Val="synthesis"/>
        <Attr Name="UsedIn" Val="simulation"/>
      </FileInfo>
    </File>
    <File Path="$PSRCDIR/sources_1/bd/clocked_i2s/clocked_i2s.bd">
      <FileInfo>
        <Attr Name="ImportPath" Val="$PPRDIR/../../../../../../../../Documents/Vivado_Projects/i2s_clock_managed/i2s_clock_managed.srcs/sources_1/bd/clocked_i2s/clocked_i2s.bd"/>
        <Attr Name="ImportTime" Val="1729081550"/>
        <Attr Name="UsedIn" Val="synthesis"/>
        <Attr Name="UsedIn" Val="implementation"/>
        <Attr Name="UsedIn" Val="simulation"/>
      </FileInfo>
    </File>
    <File Path="$PSRCDIR/sources_1/bd/clocked_i2s/hdl/clocked_i2s_wrapper.vhd">
      <FileInfo>
        <Attr Name="ImportPath" Val="$PPRDIR/../../../../../../../../Documents/Vivado_Projects/git_clone/FPGA_Synth/experiment_i2s_output/experiment_i2s_output.srcs/sources_1/bd/clocked_i2s/hdl/clocked_i2s_wrapper.vhd"/>
        <Attr Name="ImportTime" Val="1729915250"/>
        <Attr Name="UsedIn" Val="synthesis"/>
        <Attr Name="UsedIn" Val="simulation"/>
      </FileInfo>
    </File>
    <File Path="$PSRCDIR/sources_1/imports/experiment_i2s_output/experiment_i2s_output.srcs/sources_1/imports/Vivado_Projects/RNG.vhd">
      <FileInfo>
        <Attr Name="AutoDisabled" Val="1"/>
        <Attr Name="ImportPath" Val="$PPRDIR/../../../../../../../../Documents/Vivado_Projects/i2x_transmitter/i2x_transmitter.srcs/sim_1/imports/Vivado_Projects/RNG.vhd"/>
        <Attr Name="ImportTime" Val="1725918536"/>
        <Attr Name="UsedIn" Val="synthesis"/>
        <Attr Name="UsedIn" Val="simulation"/>
      </FileInfo>
    </File>
    <File Path="$PSRCDIR/sources_1/imports/experiment_i2s_output.srcs/component.xml">
      <FileInfo SFType="IPXACT">
        <Attr Name="ImportPath" Val="$PPRDIR/../../../../../../../../Documents/Vivado_Projects/git_clone/FPGA_Synth/experiment_i2s_output/experiment_i2s_output.srcs/component.xml"/>
        <Attr Name="ImportTime" Val="1729534671"/>
      </FileInfo>
    </File>
    <Config>
      <Option Name="DesignMode" Val="RTL"/>
      <Option Name="TopModule" Val="clocked_i2s_wrapper"/>
    </Config>
  </FileSet>
  <FileSet Name="constrs_in" Type="Constrs" RelSrcDir="$PSRCDIR/constrs_2">
    <File Path="$PSRCDIR/constrs_2/imports/PYNQ-data/PYNQ-Z1_C.xdc">
      <FileInfo>
        <Attr Name="ImportPath" Val="$PPRDIR/../../../../../../../../Documents/Vivado_Projects/i2x_transmitter/i2x_transmitter.srcs/constrs_1/imports/PYNQ-data/PYNQ-Z1_C.xdc"/>
        <Attr Name="ImportTime" Val="1728883887"/>
        <Attr Name="UsedIn" Val="synthesis"/>
        <Attr Name="UsedIn" Val="implementation"/>
      </FileInfo>
    </File>
    <Config>
      <Option Name="TargetConstrsFile" Val="$PSRCDIR/constrs_2/imports/PYNQ-data/PYNQ-Z1_C.xdc"/>
      <Option Name="ConstrsType" Val="XDC"/>
    </Config>
  </FileSet>
  <FileSet Name="utils" Type="Utils" RelSrcDir="$PSRCDIR/utils_1">
    <Filter Type="Utils"/>
    <File Path="$PPRDIR/../../../../../../../../Documents/Vivado_Projects/i2s_clock_managed/i2s_clock_managed.srcs/utils_1/imports/synth_1/clocked_i2s_wrapper.dcp">
      <FileInfo>
        <Attr Name="UsedIn" Val="synthesis"/>
        <Attr Name="UsedIn" Val="implementation"/>
        <Attr Name="UsedInSteps" Val="synth_1"/>
        <Attr Name="AutoDcp" Val="1"/>
      </FileInfo>
    </File>
    <Config>
      <Option Name="TopAutoSet" Val="TRUE"/>
    </Config>
  </FileSet>
  <Strategy Version="1" Minor="2">
    <StratHandle Name="Performance_Retiming" Flow="Vivado Implementation 2021"/>
    <Step Id="init_design"/>
    <Step Id="opt_design"/>
    <Step Id="power_opt_design"/>
    <Step Id="place_design">
      <Option Id="Directive">7</Option>
    </Step>
    <Step Id="post_place_power_opt_design"/>
    <Step Id="phys_opt_design">
      <Option Id="Directive">6</Option>
    </Step>
    <Step Id="route_design">
      <Option Id="Directive">0</Option>
    </Step>
    <Step Id="post_route_phys_opt_design" EnableStepBool="1">
      <Option Id="Directive">2</Option>
    </Step>
    <Step Id="write_bitstream"/>
    <Step Id="write_device_image"/>
  </Strategy>
  <BlockFileSet Type="BlockSrcs" Name="clocked_i2s_util_ds_buf_0_1"/>
  <BlockFileSet Type="BlockSrcs" Name="clocked_i2s_Clock_Manager_0_0"/>
</GenRun>
