<?xml version="1.0" encoding="UTF-8"?>
<GenRun Id="clocked_i2s_util_ds_buf_0_1_synth_1" LaunchPart="xc7z020clg400-1" LaunchTime="1729913207">
  <File Type="PA-TCL" Name="clocked_i2s_util_ds_buf_0_1.tcl"/>
  <File Type="REPORTS-TCL" Name="clocked_i2s_util_ds_buf_0_1_reports.tcl"/>
  <File Type="RDS-RDS" Name="clocked_i2s_util_ds_buf_0_1.vds"/>
  <File Type="RDS-UTIL" Name="clocked_i2s_util_ds_buf_0_1_utilization_synth.rpt"/>
  <File Type="RDS-UTIL-PB" Name="clocked_i2s_util_ds_buf_0_1_utilization_synth.pb"/>
  <File Type="RDS-DCP" Name="clocked_i2s_util_ds_buf_0_1.dcp"/>
  <FileSet Name="sources" Type="BlockSrcs" RelSrcDir="$PSRCDIR/clocked_i2s_util_ds_buf_0_1">
    <File Path="$PSRCDIR/sources_1/bd/clocked_i2s/ip/clocked_i2s_util_ds_buf_0_1/clocked_i2s_util_ds_buf_0_1.xci">
      <FileInfo>
        <Attr Name="ImportPath" Val="$PPRDIR/../../../i2s_clock_managed/i2s_clock_managed.srcs/sources_1/bd/clocked_i2s/ip/clocked_i2s_util_ds_buf_0_1/clocked_i2s_util_ds_buf_0_1.xci"/>
        <Attr Name="ImportTime" Val="0"/>
        <Attr Name="UsedIn" Val="synthesis"/>
        <Attr Name="UsedIn" Val="implementation"/>
        <Attr Name="UsedIn" Val="simulation"/>
      </FileInfo>
    </File>
    <Config>
      <Option Name="TopModule" Val="clocked_i2s_util_ds_buf_0_1"/>
      <Option Name="UseBlackboxStub" Val="1"/>
    </Config>
  </FileSet>
  <FileSet Name="constrs_in" Type="BlockSrcs" RelSrcDir="$PSRCDIR/clocked_i2s_util_ds_buf_0_1">
    <File Path="$PSRCDIR/sources_1/bd/clocked_i2s/ip/clocked_i2s_util_ds_buf_0_1/clocked_i2s_util_ds_buf_0_1.xci">
      <FileInfo>
        <Attr Name="ImportPath" Val="$PPRDIR/../../../i2s_clock_managed/i2s_clock_managed.srcs/sources_1/bd/clocked_i2s/ip/clocked_i2s_util_ds_buf_0_1/clocked_i2s_util_ds_buf_0_1.xci"/>
        <Attr Name="ImportTime" Val="0"/>
        <Attr Name="UsedIn" Val="synthesis"/>
        <Attr Name="UsedIn" Val="implementation"/>
        <Attr Name="UsedIn" Val="simulation"/>
      </FileInfo>
    </File>
    <Config>
      <Option Name="TopModule" Val="clocked_i2s_util_ds_buf_0_1"/>
      <Option Name="UseBlackboxStub" Val="1"/>
    </Config>
  </FileSet>
  <FileSet Name="utils" Type="Utils" RelSrcDir="$PSRCDIR/utils_1">
    <Filter Type="Utils"/>
    <File Path="$PPRDIR/../../../i2s_clock_managed/i2s_clock_managed.srcs/utils_1/imports/synth_1/clocked_i2s_wrapper.dcp">
      <FileInfo>
        <Attr Name="UsedIn" Val="synthesis"/>
        <Attr Name="UsedIn" Val="implementation"/>
        <Attr Name="UsedInSteps" Val="synth_1"/>
        <Attr Name="AutoDcp" Val="1"/>
      </FileInfo>
    </File>
    <Config>
      <Option Name="TopAutoSet" Val="TRUE"/>
    </Config>
  </FileSet>
  <Strategy Version="1" Minor="2">
    <StratHandle Name="Vivado Synthesis Defaults" Flow="Vivado Synthesis 2021"/>
    <Step Id="synth_design"/>
  </Strategy>
</GenRun>
