<?xml version="1.0" encoding="UTF-8"?>
<GenRun Id="impl_1" LaunchPart="xc7z020clg400-1" LaunchTime="1729543099">
  <File Type="ROUTE-PWR" Name="midi_gutted_wrapper_power_routed.rpt"/>
  <File Type="PA-TCL" Name="midi_gutted_wrapper.tcl"/>
  <File Type="ROUTE-PWR-SUM" Name="midi_gutted_wrapper_power_summary_routed.pb"/>
  <File Type="REPORTS-TCL" Name="midi_gutted_wrapper_reports.tcl"/>
  <File Type="BITSTR-MSK" Name="midi_gutted_wrapper.msk"/>
  <File Type="ROUTE-CLK" Name="midi_gutted_wrapper_clock_utilization_routed.rpt"/>
  <File Type="RDI-RDI" Name="midi_gutted_wrapper.vdi"/>
  <File Type="BG-BIT" Name="midi_gutted_wrapper.bit"/>
  <File Type="BG-DRC" Name="midi_gutted_wrapper.drc"/>
  <File Type="BG-BGN" Name="midi_gutted_wrapper.bgn"/>
  <File Type="BG-BIN" Name="midi_gutted_wrapper.bin"/>
  <File Type="BITSTR-RBT" Name="midi_gutted_wrapper.rbt"/>
  <File Type="BITSTR-NKY" Name="midi_gutted_wrapper.nky"/>
  <File Type="BITSTR-BMM" Name="midi_gutted_wrapper_bd.bmm"/>
  <File Type="BITSTR-MMI" Name="midi_gutted_wrapper.mmi"/>
  <File Type="ROUTE-METHODOLOGY-DRC" Name="midi_gutted_wrapper_methodology_drc_routed.rpt"/>
  <File Type="BITSTR-SYSDEF" Name="midi_gutted_wrapper.sysdef"/>
  <File Type="BITSTR-LTX" Name="debug_nets.ltx"/>
  <File Type="BITSTR-LTX" Name="midi_gutted_wrapper.ltx"/>
  <File Type="WBT-USG" Name="usage_statistics_webtalk.html"/>
  <File Type="OPT-DRC" Name="midi_gutted_wrapper_drc_opted.rpt"/>
  <File Type="OPT-HWDEF" Name="midi_gutted_wrapper.hwdef"/>
  <File Type="PLACE-IO" Name="midi_gutted_wrapper_io_placed.rpt"/>
  <File Type="PLACE-UTIL" Name="midi_gutted_wrapper_utilization_placed.rpt"/>
  <File Type="PLACE-UTIL-PB" Name="midi_gutted_wrapper_utilization_placed.pb"/>
  <File Type="PLACE-CTRL" Name="midi_gutted_wrapper_control_sets_placed.rpt"/>
  <File Type="PLACE-PRE-SIMILARITY" Name="midi_gutted_wrapper_incremental_reuse_pre_placed.rpt"/>
  <File Type="ROUTE-DRC" Name="midi_gutted_wrapper_drc_routed.rpt"/>
  <File Type="ROUTE-DRC-PB" Name="midi_gutted_wrapper_drc_routed.pb"/>
  <File Type="ROUTE-PWR-RPX" Name="midi_gutted_wrapper_power_routed.rpx"/>
  <File Type="ROUTE-STATUS" Name="midi_gutted_wrapper_route_status.rpt"/>
  <File Type="ROUTE-STATUS-PB" Name="midi_gutted_wrapper_route_status.pb"/>
  <File Type="ROUTE-DCP" Name="midi_gutted_wrapper_routed.dcp"/>
  <File Type="ROUTE-ERROR-DCP" Name="midi_gutted_wrapper_routed_error.dcp"/>
  <File Type="ROUTE-BLACKBOX-DCP" Name="midi_gutted_wrapper_routed_bb.dcp"/>
  <File Type="ROUTE-TIMINGSUMMARY" Name="midi_gutted_wrapper_timing_summary_routed.rpt"/>
  <File Type="ROUTE-TIMING-PB" Name="midi_gutted_wrapper_timing_summary_routed.pb"/>
  <File Type="ROUTE-TIMING-RPX" Name="midi_gutted_wrapper_timing_summary_routed.rpx"/>
  <File Type="ROUTE-BUS-SKEW" Name="midi_gutted_wrapper_bus_skew_routed.rpt"/>
  <File Type="ROUTE-BUS-SKEW-PB" Name="midi_gutted_wrapper_bus_skew_routed.pb"/>
  <File Type="ROUTE-BUS-SKEW-RPX" Name="midi_gutted_wrapper_bus_skew_routed.rpx"/>
  <File Type="OPT-DCP" Name="midi_gutted_wrapper_opt.dcp"/>
  <File Type="PLACE-DCP" Name="midi_gutted_wrapper_placed.dcp"/>
  <File Type="PWROPT-DCP" Name="midi_gutted_wrapper_pwropt.dcp"/>
  <File Type="POSTPLACE-PWROPT-DCP" Name="midi_gutted_wrapper_postplace_pwropt.dcp"/>
  <File Type="PHYSOPT-DCP" Name="midi_gutted_wrapper_physopt.dcp"/>
  <File Type="POSTROUTE-PHYSOPT-DCP" Name="midi_gutted_wrapper_postroute_physopt.dcp"/>
  <File Type="POSTROUTE-PHYSOPT-BLACKBOX-DCP" Name="midi_gutted_wrapper_postroute_physopt_bb.dcp"/>
  <File Type="ROUTE-METHODOLOGY-DRC-PB" Name="midi_gutted_wrapper_methodology_drc_routed.pb"/>
  <File Type="ROUTE-DRC-RPX" Name="midi_gutted_wrapper_drc_routed.rpx"/>
  <File Type="ROUTE-METHODOLOGY-DRC-RPX" Name="midi_gutted_wrapper_methodology_drc_routed.rpx"/>
  <File Type="PDI-FILE" Name="midi_gutted_wrapper.pdi"/>
  <File Type="RCFI_FILE" Name="midi_gutted_wrapper.rcfi"/>
  <File Type="CFI_FILE" Name="midi_gutted_wrapper.cfi"/>
  <File Type="RNPI_FILE" Name="midi_gutted_wrapper.rnpi"/>
  <File Type="NPI_FILE" Name="midi_gutted_wrapper.npi"/>
  <File Type="RBD_FILE" Name="midi_gutted_wrapper.rbd"/>
  <FileSet Name="sources" Type="DesignSrcs" RelSrcDir="$PSRCDIR/sources_1" RelGenDir="$PGENDIR/sources_1">
    <Filter Type="Srcs"/>
    <File Path="$PSRCDIR/sources_1/imports/midi_fifo_decoder/src/fifo_adapter.vhd">
      <FileInfo>
        <Attr Name="Library" Val="xil_defaultlib"/>
        <Attr Name="ImportPath" Val="$PPRDIR/../../../../../../../../Documents/Vivado_Projects/ip_repo/midi_fifo_decoder/src/fifo_adapter.vhd"/>
        <Attr Name="ImportTime" Val="1728780249"/>
        <Attr Name="UsedIn" Val="synthesis"/>
        <Attr Name="UsedIn" Val="simulation"/>
      </FileInfo>
    </File>
    <File Path="$PSRCDIR/sources_1/imports/midi_fifo_decoder/src/fifo_reader.vhd">
      <FileInfo>
        <Attr Name="Library" Val="xil_defaultlib"/>
        <Attr Name="ImportPath" Val="$PPRDIR/../../../../../../../../Documents/Vivado_Projects/ip_repo/midi_fifo_decoder/src/fifo_reader.vhd"/>
        <Attr Name="ImportTime" Val="1728780249"/>
        <Attr Name="UsedIn" Val="synthesis"/>
        <Attr Name="UsedIn" Val="simulation"/>
      </FileInfo>
    </File>
    <File Path="$PSRCDIR/sources_1/bd/midi_gutted/midi_gutted.bd">
      <FileInfo>
        <Attr Name="ImportPath" Val="$PPRDIR/../../../../../../../../Documents/Vivado_Projects/midi_decoder_fifo/midi_decoder_fifo/midi_decoder_fifo.srcs/sources_1/bd/midi_gutted/midi_gutted.bd"/>
        <Attr Name="ImportTime" Val="1729539473"/>
        <Attr Name="UsedIn" Val="synthesis"/>
        <Attr Name="UsedIn" Val="implementation"/>
        <Attr Name="UsedIn" Val="simulation"/>
      </FileInfo>
    </File>
    <File Path="$PSRCDIR/sources_1/imports/midi_gutted_wrapper.vhd">
      <FileInfo>
        <Attr Name="ImportPath" Val="$PPRDIR/../../../../../../../../Documents/Vivado_Projects/git_clone/FPGA_Synth/midi_decoder/project_1/project_1.gen/sources_1/bd/midi_gutted/hdl/midi_gutted_wrapper.vhd"/>
        <Attr Name="ImportTime" Val="1729544080"/>
        <Attr Name="UsedIn" Val="synthesis"/>
        <Attr Name="UsedIn" Val="simulation"/>
      </FileInfo>
    </File>
    <File Path="$PSRCDIR/sources_1/imports/midi_fifo_decoder/src/work/cc_lut_pkg.vhd">
      <FileInfo>
        <Attr Name="Library" Val="xil_defaultlib"/>
        <Attr Name="AutoDisabled" Val="1"/>
        <Attr Name="ImportPath" Val="$PPRDIR/../../../../../../../../Documents/Vivado_Projects/ip_repo/midi_fifo_decoder/src/work/cc_lut_pkg.vhd"/>
        <Attr Name="ImportTime" Val="1728780249"/>
        <Attr Name="UsedIn" Val="synthesis"/>
        <Attr Name="UsedIn" Val="simulation"/>
      </FileInfo>
    </File>
    <File Path="$PSRCDIR/sources_1/imports/midi_fifo_decoder/src/dflipflop.vhd">
      <FileInfo>
        <Attr Name="Library" Val="xil_defaultlib"/>
        <Attr Name="AutoDisabled" Val="1"/>
        <Attr Name="ImportPath" Val="$PPRDIR/../../../../../../../../Documents/Vivado_Projects/ip_repo/midi_fifo_decoder/src/dflipflop.vhd"/>
        <Attr Name="ImportTime" Val="1728780249"/>
        <Attr Name="UsedIn" Val="synthesis"/>
        <Attr Name="UsedIn" Val="simulation"/>
      </FileInfo>
    </File>
    <File Path="$PSRCDIR/sources_1/imports/midi_fifo_decoder/src/n_parallel_register.vhd">
      <FileInfo>
        <Attr Name="Library" Val="xil_defaultlib"/>
        <Attr Name="AutoDisabled" Val="1"/>
        <Attr Name="ImportPath" Val="$PPRDIR/../../../../../../../../Documents/Vivado_Projects/ip_repo/midi_fifo_decoder/src/n_parallel_register.vhd"/>
        <Attr Name="ImportTime" Val="1728780249"/>
        <Attr Name="UsedIn" Val="synthesis"/>
        <Attr Name="UsedIn" Val="simulation"/>
      </FileInfo>
    </File>
    <File Path="$PSRCDIR/sources_1/imports/midi_fifo_decoder/src/ranger_mapper.vhd">
      <FileInfo>
        <Attr Name="Library" Val="xil_defaultlib"/>
        <Attr Name="AutoDisabled" Val="1"/>
        <Attr Name="ImportPath" Val="$PPRDIR/../../../../../../../../Documents/Vivado_Projects/ip_repo/midi_fifo_decoder/src/ranger_mapper.vhd"/>
        <Attr Name="ImportTime" Val="1728780249"/>
        <Attr Name="UsedIn" Val="synthesis"/>
        <Attr Name="UsedIn" Val="simulation"/>
      </FileInfo>
    </File>
    <File Path="$PSRCDIR/sources_1/imports/midi_fifo_decoder/src/param_file.vhd">
      <FileInfo>
        <Attr Name="Library" Val="xil_defaultlib"/>
        <Attr Name="AutoDisabled" Val="1"/>
        <Attr Name="ImportPath" Val="$PPRDIR/../../../../../../../../Documents/Vivado_Projects/ip_repo/midi_fifo_decoder/src/param_file.vhd"/>
        <Attr Name="ImportTime" Val="1728780249"/>
        <Attr Name="UsedIn" Val="synthesis"/>
        <Attr Name="UsedIn" Val="simulation"/>
      </FileInfo>
    </File>
    <File Path="$PSRCDIR/sources_1/imports/midi_queue/component.xml">
      <FileInfo SFType="IPXACT">
        <Attr Name="ImportPath" Val="$PPRDIR/../../../../../../../../Documents/Vivado_Projects/git_clone/FPGA_Synth/project_ip/midi_queue/component.xml"/>
        <Attr Name="ImportTime" Val="1729536415"/>
      </FileInfo>
    </File>
    <Config>
      <Option Name="DesignMode" Val="RTL"/>
      <Option Name="TopModule" Val="midi_gutted_wrapper"/>
    </Config>
  </FileSet>
  <FileSet Name="constrs_in" Type="Constrs" RelSrcDir="$PSRCDIR/constrs_1">
    <Filter Type="Constrs"/>
    <File Path="$PSRCDIR/constrs_1/imports/src/design_1_ooc.xdc">
      <FileInfo>
        <Attr Name="Library" Val=""/>
        <Attr Name="ImportPath" Val="$PPRDIR/../../../../../../../../Documents/Vivado_Projects/ip_repo/midi_fifo_decoder/src/design_1_ooc.xdc"/>
        <Attr Name="ImportTime" Val="1728780249"/>
        <Attr Name="UsedIn" Val="synthesis"/>
        <Attr Name="UsedIn" Val="implementation"/>
        <Attr Name="UsedIn" Val="out_of_context"/>
        <Attr Name="ScopedToRef" Val="design_1"/>
      </FileInfo>
    </File>
    <Config>
      <Option Name="ConstrsType" Val="XDC"/>
    </Config>
  </FileSet>
  <FileSet Name="utils" Type="Utils" RelSrcDir="$PSRCDIR/utils_1">
    <Filter Type="Utils"/>
    <Config>
      <Option Name="TopAutoSet" Val="TRUE"/>
    </Config>
  </FileSet>
  <Strategy Version="1" Minor="2">
    <StratHandle Name="Vivado Implementation Defaults" Flow="Vivado Implementation 2021"/>
    <Step Id="init_design"/>
    <Step Id="opt_design"/>
    <Step Id="power_opt_design"/>
    <Step Id="place_design"/>
    <Step Id="post_place_power_opt_design"/>
    <Step Id="phys_opt_design"/>
    <Step Id="route_design"/>
    <Step Id="post_route_phys_opt_design"/>
    <Step Id="write_bitstream"/>
    <Step Id="write_device_image"/>
  </Strategy>
  <BlockFileSet Type="BlockSrcs" Name="midi_gutted_fifo_reader_0_1"/>
  <BlockFileSet Type="BlockSrcs" Name="midi_gutted_fifo_adapter_0_0"/>
</GenRun>
