<?xml version="1.0" encoding="UTF-8"?>
<GenRun Id="synth_1" LaunchPart="xc7z020clg400-1" LaunchTime="1729915257" LaunchIncrCheckpoint="$PSRCDIR/utils_1/imports/synth_1/clocked_i2s_wrapper.dcp" LaunchWriteIncrSynthDcp="true">
  <File Type="PA-TCL" Name="clocked_i2s_wrapper.tcl"/>
  <File Type="REPORTS-TCL" Name="clocked_i2s_wrapper_reports.tcl"/>
  <File Type="RDS-RDS" Name="clocked_i2s_wrapper.vds"/>
  <File Type="RDS-UTIL" Name="clocked_i2s_wrapper_utilization_synth.rpt"/>
  <File Type="RDS-UTIL-PB" Name="clocked_i2s_wrapper_utilization_synth.pb"/>
  <File Type="RDS-DCP" Name="clocked_i2s_wrapper.dcp"/>
  <FileSet Name="sources" Type="DesignSrcs" RelSrcDir="$PSRCDIR/sources_1" RelGenDir="$PSRCDIR/sources_1">
    <Filter Type="Srcs"/>
    <File Path="$PSRCDIR/sources_1/imports/experiment_i2s_output/experiment_i2s_output.srcs/sources_1/imports/new/clock_generation.vhd">
      <FileInfo>
        <Attr Name="ImportPath" Val="$PPRDIR/../../../../../../../../Documents/Vivado_Projects/i2x_transmitter/i2x_transmitter.srcs/sources_1/new/clock_generation.vhd"/>
        <Attr Name="ImportTime" Val="1729045953"/>
        <Attr Name="UsedIn" Val="synthesis"/>
        <Attr Name="UsedIn" Val="simulation"/>
      </FileInfo>
    </File>
    <File Path="$PSRCDIR/sources_1/imports/experiment_i2s_output/experiment_i2s_output.srcs/sources_1/imports/new/N_D_FIFO.vhd">
      <FileInfo>
        <Attr Name="ImportPath" Val="$PPRDIR/../../../../../../../../Documents/Vivado_Projects/i2x_transmitter/i2x_transmitter.srcs/sources_1/new/N_D_FIFO.vhd"/>
        <Attr Name="ImportTime" Val="1728982409"/>
        <Attr Name="UsedIn" Val="synthesis"/>
        <Attr Name="UsedIn" Val="simulation"/>
      </FileInfo>
    </File>
    <File Path="$PSRCDIR/sources_1/imports/experiment_i2s_output/experiment_i2s_output.srcs/sources_1/imports/new/i2s_module.vhd">
      <FileInfo>
        <Attr Name="ImportPath" Val="$PPRDIR/../../../../../../../../Documents/Vivado_Projects/i2x_transmitter/i2x_transmitter.srcs/sources_1/new/i2s_module.vhd"/>
        <Attr Name="ImportTime" Val="1729046017"/>
        <Attr Name="UsedIn" Val="synthesis"/>
        <Attr Name="UsedIn" Val="simulation"/>
      </FileInfo>
    </File>
    <File Path="$PSRCDIR/sources_1/imports/experiment_i2s_output/experiment_i2s_output.srcs/sources_1/new/stream_controller.vhd">
      <FileInfo>
        <Attr Name="ImportPath" Val="$PPRDIR/../../../../../../../../Documents/Vivado_Projects/experiment_i2s_output/experiment_i2s_output.srcs/sources_1/new/stream_controller.vhd"/>
        <Attr Name="ImportTime" Val="1729083438"/>
        <Attr Name="UsedIn" Val="synthesis"/>
        <Attr Name="UsedIn" Val="simulation"/>
      </FileInfo>
    </File>
    <File Path="$PSRCDIR/sources_1/bd/clocked_i2s/clocked_i2s.bd">
      <FileInfo>
        <Attr Name="ImportPath" Val="$PPRDIR/../../../../../../../../Documents/Vivado_Projects/i2s_clock_managed/i2s_clock_managed.srcs/sources_1/bd/clocked_i2s/clocked_i2s.bd"/>
        <Attr Name="ImportTime" Val="1729081550"/>
        <Attr Name="UsedIn" Val="synthesis"/>
        <Attr Name="UsedIn" Val="implementation"/>
        <Attr Name="UsedIn" Val="simulation"/>
      </FileInfo>
    </File>
    <File Path="$PSRCDIR/sources_1/bd/clocked_i2s/hdl/clocked_i2s_wrapper.vhd">
      <FileInfo>
        <Attr Name="ImportPath" Val="$PPRDIR/../../../../../../../../Documents/Vivado_Projects/git_clone/FPGA_Synth/experiment_i2s_output/experiment_i2s_output.srcs/sources_1/bd/clocked_i2s/hdl/clocked_i2s_wrapper.vhd"/>
        <Attr Name="ImportTime" Val="1729915250"/>
        <Attr Name="UsedIn" Val="synthesis"/>
        <Attr Name="UsedIn" Val="simulation"/>
      </FileInfo>
    </File>
    <File Path="$PSRCDIR/sources_1/imports/experiment_i2s_output/experiment_i2s_output.srcs/sources_1/imports/Vivado_Projects/RNG.vhd">
      <FileInfo>
        <Attr Name="AutoDisabled" Val="1"/>
        <Attr Name="ImportPath" Val="$PPRDIR/../../../../../../../../Documents/Vivado_Projects/i2x_transmitter/i2x_transmitter.srcs/sim_1/imports/Vivado_Projects/RNG.vhd"/>
        <Attr Name="ImportTime" Val="1725918536"/>
        <Attr Name="UsedIn" Val="synthesis"/>
        <Attr Name="UsedIn" Val="simulation"/>
      </FileInfo>
    </File>
    <File Path="$PSRCDIR/sources_1/imports/experiment_i2s_output.srcs/component.xml">
      <FileInfo SFType="IPXACT">
        <Attr Name="ImportPath" Val="$PPRDIR/../../../../../../../../Documents/Vivado_Projects/git_clone/FPGA_Synth/experiment_i2s_output/experiment_i2s_output.srcs/component.xml"/>
        <Attr Name="ImportTime" Val="1729534671"/>
      </FileInfo>
    </File>
    <Config>
      <Option Name="DesignMode" Val="RTL"/>
      <Option Name="TopModule" Val="clocked_i2s_wrapper"/>
    </Config>
  </FileSet>
  <FileSet Name="constrs_in" Type="Constrs" RelSrcDir="$PSRCDIR/constrs_2">
    <File Path="$PSRCDIR/constrs_2/imports/PYNQ-data/PYNQ-Z1_C.xdc">
      <FileInfo>
        <Attr Name="ImportPath" Val="$PPRDIR/../../../../../../../../Documents/Vivado_Projects/i2x_transmitter/i2x_transmitter.srcs/constrs_1/imports/PYNQ-data/PYNQ-Z1_C.xdc"/>
        <Attr Name="ImportTime" Val="1728883887"/>
        <Attr Name="UsedIn" Val="synthesis"/>
        <Attr Name="UsedIn" Val="implementation"/>
      </FileInfo>
    </File>
    <Config>
      <Option Name="TargetConstrsFile" Val="$PSRCDIR/constrs_2/imports/PYNQ-data/PYNQ-Z1_C.xdc"/>
      <Option Name="ConstrsType" Val="XDC"/>
    </Config>
  </FileSet>
  <FileSet Name="utils" Type="Utils" RelSrcDir="$PSRCDIR/utils_1">
    <Filter Type="Utils"/>
    <File Path="$PPRDIR/../../../../../../../../Documents/Vivado_Projects/i2s_clock_managed/i2s_clock_managed.srcs/utils_1/imports/synth_1/clocked_i2s_wrapper.dcp">
      <FileInfo>
        <Attr Name="UsedIn" Val="synthesis"/>
        <Attr Name="UsedIn" Val="implementation"/>
        <Attr Name="UsedInSteps" Val="synth_1"/>
        <Attr Name="AutoDcp" Val="1"/>
      </FileInfo>
    </File>
    <Config>
      <Option Name="TopAutoSet" Val="TRUE"/>
    </Config>
  </FileSet>
  <Strategy Version="1" Minor="2">
    <StratHandle Name="Flow_AlternateRoutability" Flow="Vivado Synthesis 2021"/>
    <Step Id="synth_design">
      <Option Id="NoCombineLuts">1</Option>
      <Option Id="ShregMinSize">10</Option>
      <Option Id="Directive">3</Option>
    </Step>
  </Strategy>
  <BlockFileSet Type="BlockSrcs" Name="clocked_i2s_util_ds_buf_0_1"/>
  <BlockFileSet Type="BlockSrcs" Name="clocked_i2s_Clock_Manager_0_0"/>
</GenRun>
