<?xml version="1.0" encoding="UTF-8"?>
<GenRun Id="synth_1" LaunchPart="xc7z020clg400-1" LaunchTime="1729253821">
  <File Type="PA-TCL" Name="midi_bd.tcl"/>
  <File Type="REPORTS-TCL" Name="midi_bd_reports.tcl"/>
  <File Type="RDS-RDS" Name="midi_bd.vds"/>
  <File Type="RDS-UTIL" Name="midi_bd_utilization_synth.rpt"/>
  <File Type="RDS-UTIL-PB" Name="midi_bd_utilization_synth.pb"/>
  <File Type="RDS-DCP" Name="midi_bd.dcp"/>
  <FileSet Name="sources" Type="DesignSrcs" RelSrcDir="$PSRCDIR/sources_1" RelGenDir="$PGENDIR/sources_1">
    <Filter Type="Srcs"/>
    <File Path="$PSRCDIR/sources_1/ip/midi_bd_xlconcat_0_0/midi_bd_xlconcat_0_0.xci">
      <FileInfo>
        <Attr Name="Library" Val=""/>
        <Attr Name="ImportPath" Val="$PPRDIR/../../../../../../../../Documents/Vivado_Projects/ip_repo/src/midi_bd_xlconcat_0_0/midi_bd_xlconcat_0_0.xci"/>
        <Attr Name="ImportTime" Val="1729254001"/>
        <Attr Name="UsedIn" Val="synthesis"/>
        <Attr Name="UsedIn" Val="implementation"/>
        <Attr Name="UsedIn" Val="simulation"/>
      </FileInfo>
    </File>
    <File Path="$PSRCDIR/sources_1/ip/midi_bd_util_reduced_logic_0_0/midi_bd_util_reduced_logic_0_0.xci">
      <FileInfo>
        <Attr Name="Library" Val=""/>
        <Attr Name="ImportPath" Val="$PPRDIR/../../../../../../../../Documents/Vivado_Projects/ip_repo/src/midi_bd_util_reduced_logic_0_0/midi_bd_util_reduced_logic_0_0.xci"/>
        <Attr Name="ImportTime" Val="1729254001"/>
        <Attr Name="UsedIn" Val="synthesis"/>
        <Attr Name="UsedIn" Val="implementation"/>
        <Attr Name="UsedIn" Val="simulation"/>
      </FileInfo>
    </File>
    <File Path="$PSRCDIR/sources_1/imports/ip_repo/src/cc_lut_pkg.vhd">
      <FileInfo>
        <Attr Name="Library" Val="xil_defaultlib"/>
        <Attr Name="ImportPath" Val="$PPRDIR/../../../../../../../../Documents/Vivado_Projects/ip_repo/src/cc_lut_pkg.vhd"/>
        <Attr Name="ImportTime" Val="1728932219"/>
        <Attr Name="UsedIn" Val="synthesis"/>
        <Attr Name="UsedIn" Val="simulation"/>
      </FileInfo>
    </File>
    <File Path="$PSRCDIR/sources_1/imports/ip_repo/src/dflipflop.vhd">
      <FileInfo>
        <Attr Name="Library" Val="xil_defaultlib"/>
        <Attr Name="ImportPath" Val="$PPRDIR/../../../../../../../../Documents/Vivado_Projects/ip_repo/src/dflipflop.vhd"/>
        <Attr Name="ImportTime" Val="1728932219"/>
        <Attr Name="UsedIn" Val="synthesis"/>
        <Attr Name="UsedIn" Val="simulation"/>
      </FileInfo>
    </File>
    <File Path="$PSRCDIR/sources_1/imports/ip_repo/src/fifo_adapter.vhd">
      <FileInfo>
        <Attr Name="Library" Val="xil_defaultlib"/>
        <Attr Name="ImportPath" Val="$PPRDIR/../../../../../../../../Documents/Vivado_Projects/ip_repo/src/fifo_adapter.vhd"/>
        <Attr Name="ImportTime" Val="1728932219"/>
        <Attr Name="UsedIn" Val="synthesis"/>
        <Attr Name="UsedIn" Val="simulation"/>
      </FileInfo>
    </File>
    <File Path="$PSRCDIR/sources_1/imports/ip_repo/src/fifo_reader.vhd">
      <FileInfo>
        <Attr Name="Library" Val="xil_defaultlib"/>
        <Attr Name="ImportPath" Val="$PPRDIR/../../../../../../../../Documents/Vivado_Projects/ip_repo/src/fifo_reader.vhd"/>
        <Attr Name="ImportTime" Val="1729253811"/>
        <Attr Name="UsedIn" Val="synthesis"/>
        <Attr Name="UsedIn" Val="simulation"/>
      </FileInfo>
    </File>
    <File Path="$PSRCDIR/sources_1/imports/ip_repo/src/midi_bd_fifo_adapter_0_0.vhd">
      <FileInfo>
        <Attr Name="Library" Val="xil_defaultlib"/>
        <Attr Name="ImportPath" Val="$PPRDIR/../../../../../../../../Documents/Vivado_Projects/ip_repo/src/midi_bd_fifo_adapter_0_0.vhd"/>
        <Attr Name="ImportTime" Val="1728932219"/>
        <Attr Name="UsedIn" Val="synthesis"/>
      </FileInfo>
    </File>
    <File Path="$PSRCDIR/sources_1/imports/ip_repo/src/midi_bd_fifo_reader_0_0.vhd">
      <FileInfo>
        <Attr Name="Library" Val="xil_defaultlib"/>
        <Attr Name="ImportPath" Val="$PPRDIR/../../../../../../../../Documents/Vivado_Projects/ip_repo/src/midi_bd_fifo_reader_0_0.vhd"/>
        <Attr Name="ImportTime" Val="1728932219"/>
        <Attr Name="UsedIn" Val="synthesis"/>
      </FileInfo>
    </File>
    <File Path="$PSRCDIR/sources_1/imports/ip_repo/src/midi_bd_param_file_0_0.vhd">
      <FileInfo>
        <Attr Name="Library" Val="xil_defaultlib"/>
        <Attr Name="ImportPath" Val="$PPRDIR/../../../../../../../../Documents/Vivado_Projects/ip_repo/src/midi_bd_param_file_0_0.vhd"/>
        <Attr Name="ImportTime" Val="1728932219"/>
        <Attr Name="UsedIn" Val="synthesis"/>
      </FileInfo>
    </File>
    <File Path="$PSRCDIR/sources_1/imports/ip_repo/src/n_parallel_register.vhd">
      <FileInfo>
        <Attr Name="Library" Val="xil_defaultlib"/>
        <Attr Name="ImportPath" Val="$PPRDIR/../../../../../../../../Documents/Vivado_Projects/ip_repo/src/n_parallel_register.vhd"/>
        <Attr Name="ImportTime" Val="1728932219"/>
        <Attr Name="UsedIn" Val="synthesis"/>
        <Attr Name="UsedIn" Val="simulation"/>
      </FileInfo>
    </File>
    <File Path="$PSRCDIR/sources_1/imports/ip_repo/src/param_file.vhd">
      <FileInfo>
        <Attr Name="Library" Val="xil_defaultlib"/>
        <Attr Name="ImportPath" Val="$PPRDIR/../../../../../../../../Documents/Vivado_Projects/ip_repo/src/param_file.vhd"/>
        <Attr Name="ImportTime" Val="1728932219"/>
        <Attr Name="UsedIn" Val="synthesis"/>
        <Attr Name="UsedIn" Val="simulation"/>
      </FileInfo>
    </File>
    <File Path="$PSRCDIR/sources_1/imports/ip_repo/src/ranger_mapper.vhd">
      <FileInfo>
        <Attr Name="Library" Val="xil_defaultlib"/>
        <Attr Name="ImportPath" Val="$PPRDIR/../../../../../../../../Documents/Vivado_Projects/ip_repo/src/ranger_mapper.vhd"/>
        <Attr Name="ImportTime" Val="1728932219"/>
        <Attr Name="UsedIn" Val="synthesis"/>
        <Attr Name="UsedIn" Val="simulation"/>
      </FileInfo>
    </File>
    <File Path="$PSRCDIR/sources_1/imports/ip_repo/src/midi_bd.vhd">
      <FileInfo>
        <Attr Name="Library" Val="xil_defaultlib"/>
        <Attr Name="ImportPath" Val="$PPRDIR/../../../../../../../../Documents/Vivado_Projects/ip_repo/src/midi_bd.vhd"/>
        <Attr Name="ImportTime" Val="1729251220"/>
        <Attr Name="UsedIn" Val="synthesis"/>
      </FileInfo>
    </File>
    <File Path="$PSRCDIR/sources_1/imports/ip_repo/sim/midi_bd_fifo_reader_0_0.vhd">
      <FileInfo>
        <Attr Name="Library" Val="xil_defaultlib"/>
        <Attr Name="AutoDisabled" Val="1"/>
        <Attr Name="ImportPath" Val="$PPRDIR/../../../../../../../../Documents/Vivado_Projects/ip_repo/sim/midi_bd_fifo_reader_0_0.vhd"/>
        <Attr Name="ImportTime" Val="1728932219"/>
        <Attr Name="UsedIn" Val="simulation"/>
      </FileInfo>
    </File>
    <File Path="$PSRCDIR/sources_1/imports/ip_repo/sim/midi_bd_param_file_0_0.vhd">
      <FileInfo>
        <Attr Name="Library" Val="xil_defaultlib"/>
        <Attr Name="AutoDisabled" Val="1"/>
        <Attr Name="ImportPath" Val="$PPRDIR/../../../../../../../../Documents/Vivado_Projects/ip_repo/sim/midi_bd_param_file_0_0.vhd"/>
        <Attr Name="ImportTime" Val="1728932219"/>
        <Attr Name="UsedIn" Val="simulation"/>
      </FileInfo>
    </File>
    <File Path="$PSRCDIR/sources_1/imports/ip_repo/sim/midi_bd_fifo_adapter_0_0.vhd">
      <FileInfo>
        <Attr Name="Library" Val="xil_defaultlib"/>
        <Attr Name="AutoDisabled" Val="1"/>
        <Attr Name="ImportPath" Val="$PPRDIR/../../../../../../../../Documents/Vivado_Projects/ip_repo/sim/midi_bd_fifo_adapter_0_0.vhd"/>
        <Attr Name="ImportTime" Val="1728932219"/>
        <Attr Name="UsedIn" Val="simulation"/>
      </FileInfo>
    </File>
    <File Path="$PSRCDIR/sources_1/imports/ip_repo/sim/midi_bd.vhd">
      <FileInfo>
        <Attr Name="Library" Val="xil_defaultlib"/>
        <Attr Name="AutoDisabled" Val="1"/>
        <Attr Name="ImportPath" Val="$PPRDIR/../../../../../../../../Documents/Vivado_Projects/ip_repo/sim/midi_bd.vhd"/>
        <Attr Name="ImportTime" Val="1728932219"/>
        <Attr Name="UsedIn" Val="simulation"/>
      </FileInfo>
    </File>
    <File Path="$PPRDIR/../../../../../../../../Documents/Vivado_Projects/ip_repo/component.xml">
      <FileInfo SFType="IPXACT"/>
    </File>
    <Config>
      <Option Name="DesignMode" Val="RTL"/>
      <Option Name="TopModule" Val="midi_bd"/>
      <Option Name="TopRTLFile" Val="$PSRCDIR/sources_1/imports/ip_repo/src/midi_bd.vhd"/>
    </Config>
  </FileSet>
  <FileSet Name="constrs_in" Type="Constrs" RelSrcDir="$PSRCDIR/constrs_1">
    <Filter Type="Constrs"/>
    <File Path="$PSRCDIR/constrs_1/imports/src/midi_bd_ooc.xdc">
      <FileInfo>
        <Attr Name="Library" Val=""/>
        <Attr Name="ImportPath" Val="$PPRDIR/../../../../../../../../Documents/Vivado_Projects/ip_repo/src/midi_bd_ooc.xdc"/>
        <Attr Name="ImportTime" Val="1728932219"/>
        <Attr Name="UsedIn" Val="synthesis"/>
        <Attr Name="UsedIn" Val="implementation"/>
        <Attr Name="UsedIn" Val="out_of_context"/>
        <Attr Name="ScopedToRef" Val="midi_bd"/>
      </FileInfo>
    </File>
    <Config>
      <Option Name="ConstrsType" Val="XDC"/>
    </Config>
  </FileSet>
  <FileSet Name="utils" Type="Utils" RelSrcDir="$PSRCDIR/utils_1">
    <Filter Type="Utils"/>
    <Config>
      <Option Name="TopAutoSet" Val="TRUE"/>
    </Config>
  </FileSet>
  <Strategy Version="1" Minor="2">
    <StratHandle Name="Vivado Synthesis Defaults" Flow="Vivado Synthesis 2021"/>
    <Step Id="synth_design"/>
  </Strategy>
</GenRun>
