<?xml version="1.0"?>
<Runs Version="1" Minor="0">
	<Run Id="clocked_i2s_Clock_Manager_0_0_synth_1" LaunchDir="C:/Users/Matt/Documents/Vivado_Projects/git_clone/FPGA_Synth/new_intergration/new_intergration.runs/clocked_i2s_Clock_Manager_0_0_synth_1" FlowId="Vivado_Synthesis" FromStepId="vivado" ToStepId="vivado"/>
	<Run Id="clocked_i2s_fifo_generator_0_0_synth_1" LaunchDir="C:/Users/Matt/Documents/Vivado_Projects/git_clone/FPGA_Synth/new_intergration/new_intergration.runs/clocked_i2s_fifo_generator_0_0_synth_1" FlowId="Vivado_Synthesis" FromStepId="vivado" ToStepId="vivado"/>
	<Run Id="clocked_i2s_fifo_reader_0_0_synth_1" LaunchDir="C:/Users/Matt/Documents/Vivado_Projects/git_clone/FPGA_Synth/new_intergration/new_intergration.runs/clocked_i2s_fifo_reader_0_0_synth_1" FlowId="Vivado_Synthesis" FromStepId="vivado" ToStepId="vivado"/>
	<Run Id="clocked_i2s_param_file_0_0_synth_1" LaunchDir="C:/Users/Matt/Documents/Vivado_Projects/git_clone/FPGA_Synth/new_intergration/new_intergration.runs/clocked_i2s_param_file_0_0_synth_1" FlowId="Vivado_Synthesis" FromStepId="vivado" ToStepId="vivado"/>
	<Run Id="clocked_i2s_proc_sys_reset_0_0_synth_1" LaunchDir="C:/Users/Matt/Documents/Vivado_Projects/git_clone/FPGA_Synth/new_intergration/new_intergration.runs/clocked_i2s_proc_sys_reset_0_0_synth_1" FlowId="Vivado_Synthesis" FromStepId="vivado" ToStepId="vivado"/>
	<Run Id="clocked_i2s_oscilator_stub_0_0_synth_1" LaunchDir="C:/Users/Matt/Documents/Vivado_Projects/git_clone/FPGA_Synth/new_intergration/new_intergration.runs/clocked_i2s_oscilator_stub_0_0_synth_1" FlowId="Vivado_Synthesis" FromStepId="vivado" ToStepId="vivado"/>
	<Run Id="clocked_i2s_clk_wiz_0_0_synth_1" LaunchDir="C:/Users/Matt/Documents/Vivado_Projects/git_clone/FPGA_Synth/new_intergration/new_intergration.runs/clocked_i2s_clk_wiz_0_0_synth_1" FlowId="Vivado_Synthesis" FromStepId="vivado" ToStepId="vivado"/>
	<Run Id="clocked_i2s_i2s_module_0_0_synth_1" LaunchDir="C:/Users/Matt/Documents/Vivado_Projects/git_clone/FPGA_Synth/new_intergration/new_intergration.runs/clocked_i2s_i2s_module_0_0_synth_1" FlowId="Vivado_Synthesis" FromStepId="vivado" ToStepId="vivado"/>
	<Run Id="clocked_i2s_stream_controller_0_0_synth_1" LaunchDir="C:/Users/Matt/Documents/Vivado_Projects/git_clone/FPGA_Synth/new_intergration/new_intergration.runs/clocked_i2s_stream_controller_0_0_synth_1" FlowId="Vivado_Synthesis" FromStepId="vivado" ToStepId="vivado"/>
	<Run Id="synth_1" LaunchDir="C:/Users/Matt/Documents/Vivado_Projects/git_clone/FPGA_Synth/new_intergration/new_intergration.runs/synth_1" FlowId="Vivado_Synthesis" FromStepId="vivado" ToStepId="vivado">
		<Parent Id="clocked_i2s_Clock_Manager_0_0_synth_1"/>
		<Parent Id="clocked_i2s_fifo_generator_0_0_synth_1"/>
		<Parent Id="clocked_i2s_fifo_reader_0_0_synth_1"/>
		<Parent Id="clocked_i2s_param_file_0_0_synth_1"/>
		<Parent Id="clocked_i2s_proc_sys_reset_0_0_synth_1"/>
		<Parent Id="clocked_i2s_oscilator_stub_0_0_synth_1"/>
		<Parent Id="clocked_i2s_clk_wiz_0_0_synth_1"/>
		<Parent Id="clocked_i2s_i2s_module_0_0_synth_1"/>
		<Parent Id="clocked_i2s_stream_controller_0_0_synth_1"/>
	</Run>
	<Parameters>
		<Parameter Name="runs.monitorLSFJobs" Val="true" Type="bool"/>
		<Parameter Name="runs.enableClusterConf" Val="true" Type="bool"/>
	</Parameters>
</Runs>

