<?xml version="1.0" encoding="UTF-8"?>
<GenRun Id="synth_1" LaunchPart="xc7z020clg400-1" LaunchTime="1729543042">
  <File Type="PA-TCL" Name="midi_gutted_wrapper.tcl"/>
  <File Type="REPORTS-TCL" Name="midi_gutted_wrapper_reports.tcl"/>
  <File Type="RDS-RDS" Name="midi_gutted_wrapper.vds"/>
  <File Type="RDS-UTIL" Name="midi_gutted_wrapper_utilization_synth.rpt"/>
  <File Type="RDS-UTIL-PB" Name="midi_gutted_wrapper_utilization_synth.pb"/>
  <File Type="RDS-DCP" Name="midi_gutted_wrapper.dcp"/>
  <FileSet Name="sources" Type="DesignSrcs" RelSrcDir="$PSRCDIR/sources_1" RelGenDir="$PGENDIR/sources_1">
    <Filter Type="Srcs"/>
    <File Path="$PSRCDIR/sources_1/imports/midi_fifo_decoder/src/fifo_adapter.vhd">
      <FileInfo>
        <Attr Name="Library" Val="xil_defaultlib"/>
        <Attr Name="ImportPath" Val="$PPRDIR/../../../../../../../../Documents/Vivado_Projects/ip_repo/midi_fifo_decoder/src/fifo_adapter.vhd"/>
        <Attr Name="ImportTime" Val="1728780249"/>
        <Attr Name="UsedIn" Val="synthesis"/>
        <Attr Name="UsedIn" Val="simulation"/>
      </FileInfo>
    </File>
    <File Path="$PSRCDIR/sources_1/imports/midi_fifo_decoder/src/fifo_reader.vhd">
      <FileInfo>
        <Attr Name="Library" Val="xil_defaultlib"/>
        <Attr Name="ImportPath" Val="$PPRDIR/../../../../../../../../Documents/Vivado_Projects/ip_repo/midi_fifo_decoder/src/fifo_reader.vhd"/>
        <Attr Name="ImportTime" Val="1728780249"/>
        <Attr Name="UsedIn" Val="synthesis"/>
        <Attr Name="UsedIn" Val="simulation"/>
      </FileInfo>
    </File>
    <File Path="$PSRCDIR/sources_1/bd/midi_gutted/midi_gutted.bd">
      <FileInfo>
        <Attr Name="ImportPath" Val="$PPRDIR/../../../../../../../../Documents/Vivado_Projects/midi_decoder_fifo/midi_decoder_fifo/midi_decoder_fifo.srcs/sources_1/bd/midi_gutted/midi_gutted.bd"/>
        <Attr Name="ImportTime" Val="1729539473"/>
        <Attr Name="UsedIn" Val="synthesis"/>
        <Attr Name="UsedIn" Val="implementation"/>
        <Attr Name="UsedIn" Val="simulation"/>
      </FileInfo>
    </File>
    <File Path="$PSRCDIR/sources_1/imports/midi_gutted_wrapper.vhd">
      <FileInfo>
        <Attr Name="ImportPath" Val="$PPRDIR/../../../../../../../../Documents/Vivado_Projects/git_clone/FPGA_Synth/midi_decoder/project_1/project_1.gen/sources_1/bd/midi_gutted/hdl/midi_gutted_wrapper.vhd"/>
        <Attr Name="ImportTime" Val="1729544080"/>
        <Attr Name="UsedIn" Val="synthesis"/>
        <Attr Name="UsedIn" Val="simulation"/>
      </FileInfo>
    </File>
    <File Path="$PSRCDIR/sources_1/imports/midi_fifo_decoder/src/work/cc_lut_pkg.vhd">
      <FileInfo>
        <Attr Name="Library" Val="xil_defaultlib"/>
        <Attr Name="AutoDisabled" Val="1"/>
        <Attr Name="ImportPath" Val="$PPRDIR/../../../../../../../../Documents/Vivado_Projects/ip_repo/midi_fifo_decoder/src/work/cc_lut_pkg.vhd"/>
        <Attr Name="ImportTime" Val="1728780249"/>
        <Attr Name="UsedIn" Val="synthesis"/>
        <Attr Name="UsedIn" Val="simulation"/>
      </FileInfo>
    </File>
    <File Path="$PSRCDIR/sources_1/imports/midi_fifo_decoder/src/dflipflop.vhd">
      <FileInfo>
        <Attr Name="Library" Val="xil_defaultlib"/>
        <Attr Name="AutoDisabled" Val="1"/>
        <Attr Name="ImportPath" Val="$PPRDIR/../../../../../../../../Documents/Vivado_Projects/ip_repo/midi_fifo_decoder/src/dflipflop.vhd"/>
        <Attr Name="ImportTime" Val="1728780249"/>
        <Attr Name="UsedIn" Val="synthesis"/>
        <Attr Name="UsedIn" Val="simulation"/>
      </FileInfo>
    </File>
    <File Path="$PSRCDIR/sources_1/imports/midi_fifo_decoder/src/n_parallel_register.vhd">
      <FileInfo>
        <Attr Name="Library" Val="xil_defaultlib"/>
        <Attr Name="AutoDisabled" Val="1"/>
        <Attr Name="ImportPath" Val="$PPRDIR/../../../../../../../../Documents/Vivado_Projects/ip_repo/midi_fifo_decoder/src/n_parallel_register.vhd"/>
        <Attr Name="ImportTime" Val="1728780249"/>
        <Attr Name="UsedIn" Val="synthesis"/>
        <Attr Name="UsedIn" Val="simulation"/>
      </FileInfo>
    </File>
    <File Path="$PSRCDIR/sources_1/imports/midi_fifo_decoder/src/ranger_mapper.vhd">
      <FileInfo>
        <Attr Name="Library" Val="xil_defaultlib"/>
        <Attr Name="AutoDisabled" Val="1"/>
        <Attr Name="ImportPath" Val="$PPRDIR/../../../../../../../../Documents/Vivado_Projects/ip_repo/midi_fifo_decoder/src/ranger_mapper.vhd"/>
        <Attr Name="ImportTime" Val="1728780249"/>
        <Attr Name="UsedIn" Val="synthesis"/>
        <Attr Name="UsedIn" Val="simulation"/>
      </FileInfo>
    </File>
    <File Path="$PSRCDIR/sources_1/imports/midi_fifo_decoder/src/param_file.vhd">
      <FileInfo>
        <Attr Name="Library" Val="xil_defaultlib"/>
        <Attr Name="AutoDisabled" Val="1"/>
        <Attr Name="ImportPath" Val="$PPRDIR/../../../../../../../../Documents/Vivado_Projects/ip_repo/midi_fifo_decoder/src/param_file.vhd"/>
        <Attr Name="ImportTime" Val="1728780249"/>
        <Attr Name="UsedIn" Val="synthesis"/>
        <Attr Name="UsedIn" Val="simulation"/>
      </FileInfo>
    </File>
    <File Path="$PSRCDIR/sources_1/imports/midi_queue/component.xml">
      <FileInfo SFType="IPXACT">
        <Attr Name="ImportPath" Val="$PPRDIR/../../../../../../../../Documents/Vivado_Projects/git_clone/FPGA_Synth/project_ip/midi_queue/component.xml"/>
        <Attr Name="ImportTime" Val="1729536415"/>
      </FileInfo>
    </File>
    <Config>
      <Option Name="DesignMode" Val="RTL"/>
      <Option Name="TopModule" Val="midi_gutted_wrapper"/>
    </Config>
  </FileSet>
  <FileSet Name="constrs_in" Type="Constrs" RelSrcDir="$PSRCDIR/constrs_1">
    <Filter Type="Constrs"/>
    <File Path="$PSRCDIR/constrs_1/imports/src/design_1_ooc.xdc">
      <FileInfo>
        <Attr Name="Library" Val=""/>
        <Attr Name="ImportPath" Val="$PPRDIR/../../../../../../../../Documents/Vivado_Projects/ip_repo/midi_fifo_decoder/src/design_1_ooc.xdc"/>
        <Attr Name="ImportTime" Val="1728780249"/>
        <Attr Name="UsedIn" Val="synthesis"/>
        <Attr Name="UsedIn" Val="implementation"/>
        <Attr Name="UsedIn" Val="out_of_context"/>
        <Attr Name="ScopedToRef" Val="design_1"/>
      </FileInfo>
    </File>
    <Config>
      <Option Name="ConstrsType" Val="XDC"/>
    </Config>
  </FileSet>
  <FileSet Name="utils" Type="Utils" RelSrcDir="$PSRCDIR/utils_1">
    <Filter Type="Utils"/>
    <Config>
      <Option Name="TopAutoSet" Val="TRUE"/>
    </Config>
  </FileSet>
  <Strategy Version="1" Minor="2">
    <StratHandle Name="Vivado Synthesis Defaults" Flow="Vivado Synthesis 2021"/>
    <Step Id="synth_design"/>
  </Strategy>
  <BlockFileSet Type="BlockSrcs" Name="midi_gutted_fifo_reader_0_1"/>
  <BlockFileSet Type="BlockSrcs" Name="midi_gutted_fifo_adapter_0_0"/>
</GenRun>
